id,workflow_state_id,employee_designation_id,voided,created_at,updated_at
1,1,40,False,2024-09-27 13:36:30.918447,2024-09-27 13:36:30.918447
2,1,15,False,2024-09-27 14:31:43.570477,2024-09-27 14:31:43.570477
3,3,15,False,2024-09-27 14:31:43.596037,2024-09-27 14:31:43.596037
4,3,1,False,2024-09-27 14:31:43.600323,2024-09-27 14:31:43.600323
5,3,3,False,2024-09-27 14:31:43.604492,2024-09-27 14:31:43.604492
6,3,4,False,2024-09-27 14:31:43.607875,2024-09-27 14:31:43.607875
7,3,2,False,2024-09-27 14:31:43.611612,2024-09-27 14:31:43.611612
8,4,1,False,2024-09-27 14:31:43.621055,2024-09-27 14:31:43.621055
9,4,24,False,2024-09-27 14:31:43.624578,2024-09-27 14:31:43.624578
10,4,2,False,2024-09-27 14:31:43.628021,2024-09-27 14:31:43.628021
11,4,4,False,2024-09-27 14:31:43.631381,2024-09-27 14:31:43.631381
12,4,55,False,2024-09-27 14:31:43.634965,2024-09-27 14:31:43.634965
13,7,15,False,2024-09-27 14:31:43.666984,2024-09-27 14:31:43.666984
14,7,1,False,2024-09-27 14:31:43.67113,2024-09-27 14:31:43.67113
15,7,3,False,2024-09-27 14:31:43.674585,2024-09-27 14:31:43.674585
16,7,4,False,2024-09-27 14:31:43.67857,2024-09-27 14:31:43.67857
17,7,2,False,2024-09-27 14:31:43.681969,2024-09-27 14:31:43.681969
18,7,55,False,2024-09-27 14:31:43.68525,2024-09-27 14:31:43.68525
19,7,24,False,2024-09-27 14:31:43.689051,2024-09-27 14:31:43.689051
20,9,1,False,2024-09-27 14:31:43.70626,2024-09-27 14:31:43.70626
21,9,24,False,2024-09-27 14:31:43.709533,2024-09-27 14:31:43.709533
22,9,2,False,2024-09-27 14:31:43.712625,2024-09-27 14:31:43.712625
23,9,4,False,2024-09-27 14:31:43.715394,2024-09-27 14:31:43.715394
24,9,55,False,2024-09-27 14:31:43.718671,2024-09-27 14:31:43.718671
25,14,12,False,2024-09-27 14:31:43.770428,2024-09-27 14:31:43.770428
26,14,6,False,2024-09-27 14:31:43.775356,2024-09-27 14:31:43.775356
27,14,4,False,2024-09-27 14:31:43.779953,2024-09-27 14:31:43.779953
28,14,3,False,2024-09-27 14:31:43.78374,2024-09-27 14:31:43.78374
29,17,12,False,2024-09-27 14:31:43.807495,2024-09-27 14:31:43.807495
30,17,6,False,2024-09-27 14:31:43.810664,2024-09-27 14:31:43.810664
31,17,4,False,2024-09-27 14:31:43.813563,2024-09-27 14:31:43.813563
32,17,3,False,2024-09-27 14:31:43.816516,2024-09-27 14:31:43.816516
33,19,1,False,2024-09-27 14:31:43.833525,2024-09-27 14:31:43.833525
34,19,24,False,2024-09-27 14:31:43.837534,2024-09-27 14:31:43.837534
35,19,2,False,2024-09-27 14:31:43.84125,2024-09-27 14:31:43.84125
36,19,4,False,2024-09-27 14:31:43.845049,2024-09-27 14:31:43.845049
37,19,55,False,2024-09-27 14:31:43.847991,2024-09-27 14:31:43.847991
38,20,1,False,2024-09-27 14:31:43.858888,2024-09-27 14:31:43.858888
39,20,24,False,2024-09-27 14:31:43.862902,2024-09-27 14:31:43.862902
40,20,2,False,2024-09-27 14:31:43.866238,2024-09-27 14:31:43.866238
41,20,4,False,2024-09-27 14:31:43.870468,2024-09-27 14:31:43.870468
42,20,55,False,2024-09-27 14:31:43.874103,2024-09-27 14:31:43.874103
43,21,2,False,2024-09-27 14:31:43.885596,2024-09-27 14:31:43.885596
44,21,4,False,2024-09-27 14:31:43.888917,2024-09-27 14:31:43.888917
45,21,9,False,2024-09-27 14:31:43.892771,2024-09-27 14:31:43.892771
46,21,5,False,2024-09-27 14:31:43.895671,2024-09-27 14:31:43.895671
48,22,2,False,2024-09-27 14:31:43.909489,2024-09-27 14:31:43.909489
49,22,4,False,2024-09-27 14:31:43.912932,2024-09-27 14:31:43.912932
50,22,9,False,2024-09-27 14:31:43.915723,2024-09-27 14:31:43.915723
51,22,5,False,2024-09-27 14:31:43.918891,2024-09-27 14:31:43.918891
53,22,1,False,2024-09-27 14:31:43.933909,2024-09-27 14:31:43.933909
54,24,12,False,2024-09-27 14:31:43.946402,2024-09-27 14:31:43.946402
55,28,1,False,2024-09-27 14:31:43.980167,2024-09-27 14:31:43.980167
56,28,24,False,2024-09-27 14:31:43.984401,2024-09-27 14:31:43.984401
57,28,25,False,2024-09-27 14:31:43.98741,2024-09-27 14:31:43.98741
58,28,5,False,2024-09-27 14:31:43.992195,2024-09-27 14:31:43.992195
59,28,6,False,2024-09-27 14:31:43.995235,2024-09-27 14:31:43.995235
60,29,1,False,2024-09-27 14:31:44.006012,2024-09-27 14:31:44.006012
61,29,24,False,2024-09-27 14:31:44.008923,2024-09-27 14:31:44.008923
62,29,25,False,2024-09-27 14:31:44.012071,2024-09-27 14:31:44.012071
63,29,5,False,2024-09-27 14:31:44.01492,2024-09-27 14:31:44.01492
64,29,6,False,2024-09-27 14:31:44.017794,2024-09-27 14:31:44.017794
65,30,2,False,2024-09-27 14:31:44.028741,2024-09-27 14:31:44.028741
66,30,4,False,2024-09-27 14:31:44.03321,2024-09-27 14:31:44.03321
67,30,9,False,2024-09-27 14:31:44.037077,2024-09-27 14:31:44.037077
68,30,5,False,2024-09-27 14:31:44.041288,2024-09-27 14:31:44.041288
69,22,25,False,2024-09-27 14:42:34.708455,2024-09-27 14:42:34.708455
70,31,2,False,2024-09-27 14:44:02.350028,2024-09-27 14:44:02.350028
71,31,4,False,2024-09-27 14:44:02.356264,2024-09-27 14:44:02.356264
72,32,2,False,2024-09-27 14:44:02.374813,2024-09-27 14:44:02.374813
73,32,4,False,2024-09-27 14:44:02.380022,2024-09-27 14:44:02.380022
74,25,5,False,2024-10-31 07:17:10.41569,2024-10-31 07:17:10.41569
75,27,12,False,2024-10-31 07:17:10.419437,2024-10-31 07:17:10.419437
